name,lon,lat
,145.95913650895238,-36.757108206705475
,142.2857153080246,-36.62880282401828
,145.9032782431139,-36.57200020475587
,142.52785764452867,-37.717131875234024
,143.50735844322892,-37.010203013421574
,146.54749719386567,-37.00741759494215
,144.90482874464985,-36.66585565793574
,142.47065141908882,-36.53335605833811
,142.410522860771,-36.6707595193529
,143.38038771940128,-36.59702514551968
,144.8773708535675,-36.592409174365756
,142.3530221853017,-37.76569364720723
,144.81460080452212,-36.9172445685197
,145.30607604583898,-37.33954057526976
,146.4483750223217,-36.36587123085189
,143.3095059320555,-36.93294497289347
,146.88058880482177,-37.651293713814844
,143.5335053796909,-36.76422105327177
,146.4945224286395,-37.140089308251405
,144.27721916954576,-36.431681586164636
,144.60535862440918,-37.529340969188965
,146.8893644212333,-37.38177371329382
,142.93772299476842,-36.052511882755816
,145.22455353667948,-37.062843570102686
,145.65450556312317,-36.83982797249668
,142.83831177512326,-36.67794891813472
,143.04389235666338,-36.785417740168654
,142.1862836877261,-37.64193688975874
,143.50028840745935,-36.09745056479488
,143.81273056395574,-37.60521767131207
,143.57802910428435,-36.96663666820307
,143.2613903411761,-37.33947719098892
,146.40875267097238,-37.864487132348025
,143.60534369950594,-37.875937962820096
,142.83267061102674,-36.761305614752594
,146.8247534094805,-36.27237441167883
,144.42551666735272,-37.55668857735656
,144.42811847830822,-37.7492662040655
,145.1423818102879,-37.667682397680416
,143.63824180265502,-36.092933623683074
,145.15257013150423,-36.83439642747715
,143.42165588744203,-37.207841217188154
,146.64953280160054,-36.49257552051709
,145.33108046676193,-37.126182214377515
,143.3005158355507,-36.33088248386436
,145.69806718242805,-37.163014801305636
,143.17956793529308,-37.010991424475016
,142.49020880563072,-37.130770880106944
,144.97142671732402,-37.388388216894846
,143.75335097409328,-37.8651494727915
,143.5016309349136,-37.17640951632198
,142.3919148457462,-37.67039832495916
,146.3239412653097,-36.3948252850692
,145.93911785245908,-37.45870370286914
,143.68817197578588,-36.899995136649444
,142.49798960264295,-37.87453411853011
,144.86257525479127,-36.278361175381356
,146.77227547793547,-36.56179426361851
,145.91247291606993,-37.67409192194933
,146.429353885864,-37.583596699014485
,146.19045243649452,-37.83141688210306
,146.70743074331116,-37.05827933242619
,144.38632134607252,-37.739940674669405
,146.6631549675345,-36.17465164504449
,142.57587662896154,-37.51157986247202
,144.04212503800701,-36.276800143686096
,145.96958237895737,-37.25703475466423
,143.34103452568849,-37.05181602590647
,146.13784694789945,-36.107721051958585
,144.94785170602515,-36.157129934986386
,144.82161815495496,-36.24436530630281
,143.85282271295907,-37.73491171626878
,146.0241158639855,-36.16067954453761
,144.07741055767264,-36.85929135452401
,144.0813854660321,-36.83635317690429
,142.61168432402619,-36.60738331232062
,143.49198660868723,-37.00487254286325
,146.63877751865607,-37.71094459071743
,144.69077739792698,-36.53953019787659
,143.68059066574858,-36.90877895045041
,145.43102485932738,-37.281440639328316
,143.3221433125231,-36.75633401277547
,142.96289922585953,-36.749968824473925
,143.29406033973652,-37.65372581248871
,145.3726401453014,-37.63708864002803
,143.07299760543745,-36.83970278223102
,144.11834015302944,-37.211208756640616
,142.63710827180057,-36.36197627525989
,142.1729901979325,-37.03805781831711
,142.43781172710905,-37.071884096808525
,142.2084685496862,-36.47168007619705
,143.5982356062778,-37.56761324941141
,146.90820147013517,-36.20203095605827
,143.82764132788245,-37.36388227946516
,144.177252482314,-36.890441389920795
,144.41426374388018,-36.73591343202294
,146.95795302055114,-37.51831064933099
,146.85894194459186,-36.247003164906104
,143.47554719175167,-36.53192945869942
,145.74910491929163,-37.784977936177846
,145.01040443802825,-36.50087020942119
,143.57740342367993,-36.87136001273262
,142.07058518689198,-37.337527694095535
,142.3650192438354,-37.20600705843785
,145.09235464548107,-37.39878221891595
,145.5434370760698,-37.38707097485269
,142.50251154027953,-36.490070950187494
,142.4895291043035,-37.54147557428437
,143.5461446572072,-37.888238850281795
,144.5231463979458,-37.61990862568858
,144.18328550839703,-36.72749679163443
,145.99978957951532,-36.7257102369824
,143.8548336378825,-37.848037768253434
,144.06603894671622,-36.053005529669505
,144.73997365720635,-36.73665053201819
,145.8073833637004,-36.034908576440614
,146.34773706859073,-36.113602793669486
,145.14045403402147,-36.28579924473131
,145.50819974886076,-36.328291140191965
,142.8378374750485,-36.915855235708875
,145.61028648790955,-36.37195762453457
,143.28489208067373,-36.381224844092145
,143.33145793040384,-37.69651125391292
,146.01669679009674,-37.199561314564185
,143.63511800758576,-37.703387717378504
,146.07889422735033,-37.02022557401016
,142.78316780415096,-36.86207120085785
,142.4922051872551,-37.59924268473354
,142.82793242292541,-37.59546526502288
,143.4699297086359,-37.42256675969403
,143.77802150431532,-36.79684330554257
,144.51101429001767,-36.506782080111485
,145.75573007779798,-36.87917294484379
,144.29878316732723,-37.153233294064556
,146.9335527716731,-37.74169570211997
,143.01130818245377,-37.47127372704515
,143.3650668994078,-37.28273382999428
,146.8376480918265,-37.63462776757672
,142.08476207722728,-37.88682669484837
,144.53275068824067,-36.03716950734626
,142.5302413446806,-37.8582193698355
,146.65092475012446,-36.260609292923284
,144.9041329573871,-37.89880487927015
,146.2731538906899,-36.75633006889493
,144.69116067535728,-37.422799617552506
,145.892811510278,-37.65618652158401
,146.07562332050827,-37.72794353034561
,142.99776993675175,-36.36926270836509
,145.73273423559783,-37.47351665840081
,142.40693394400947,-37.55469834102787
,143.3715085136782,-36.59225492110664
,145.65190882839497,-37.37291680793355
,144.06393469849039,-37.610746424673394
,144.19901131579542,-36.12078686447976
,142.8035165668584,-37.36464155773379
,143.87842778510517,-37.555315242605595
,143.8134400678127,-36.69067342933296
,142.67478828453892,-37.31938421470008
,145.49934963534832,-36.353883452573776
,142.60287238707042,-36.401714350991504
,145.5373216608787,-37.06354020634789
,146.05180339262228,-36.95853785505225
,145.5923760675387,-37.33370266334205
,145.84842525770182,-36.07293621170719
,143.701288163084,-37.18219112284566
,144.24379916779324,-36.08873886256735
,146.9569240480993,-36.35410908116247
,146.04187382486714,-36.50664392619986
,143.27990646418618,-36.60490945569157
,143.4792309313777,-36.966559268498
,144.6874170236078,-36.99562333345084
,146.27508356188272,-37.8264991228387
,142.9245276420979,-36.82112500044178
,142.77246859479555,-36.754073419152874
,142.32991446334745,-37.514536407395006
,145.92962803835056,-37.06039312054173
,143.47465146994102,-37.87818071114137
,145.34595923252942,-36.54803984755271
,145.58749133477826,-37.823097471149254
,144.24936999884792,-36.91315791604548
,143.39314166453985,-36.45741630610042
,142.1931920288234,-36.44912615484231
,142.15839236251128,-37.63514675559446
,142.20305682060223,-36.19532795747578
,145.9558452719671,-37.264880552022376
,146.9803469041578,-36.71343225602412
,144.7209606172603,-36.25748069878264
,143.32285181399973,-36.55513822042044
,142.4347409845946,-36.72834357829874
,142.70165255385942,-36.92793460252245
,143.12740941922794,-37.82478099474059
,144.30802664217168,-36.918422185901676
,145.32153639531,-36.52513931406507
,146.0628348212754,-37.71400647408362
,144.818213263716,-37.093999517527664
,143.56041173701817,-36.535711830332374
,144.1685634771281,-37.77971420757002
,143.67866785300953,-37.01792500871802
,143.78459868098304,-37.380654960002104
,143.7177537387953,-36.80753898100903
,142.2670987315916,-36.72145007747202
,142.2002892094006,-37.50344114997022
,144.62606718453694,-36.06391284158323
,143.0475082244134,-36.781328420266114
,145.30893840108098,-36.25787101050902
,144.946039664638,-37.54897429034592
,144.65800053771636,-36.428693766204866
,145.70238454575667,-36.743630883900586
,144.47861868404948,-37.632613239715475
,142.52779223863604,-37.895057380488915
,142.45619716324418,-37.877833148319056
,146.18093088039646,-36.8090088947756
,146.19732814191886,-36.88615503705425
,142.95523745290004,-36.89299305695865
,145.14272324518655,-36.25171855930719
,144.54315035855598,-36.88026156782393
,143.8460748158715,-36.20087217239592
,142.47107046987543,-36.953798072614596
,143.47314316407935,-37.109179859725955
,145.4102122135642,-36.865558452931374
,146.57468246784066,-37.0487833456086
,143.23867710200113,-37.49702590397465
,146.01601646487217,-36.70859179024912
,146.8584360492441,-37.531037854824746
,145.2718151509917,-37.86399784471533
,145.73984194713717,-37.82806837784606
,145.43099507418927,-36.279216293994466
,144.61664552005706,-36.644357505541315
,144.60334214971488,-36.53508366301976
,144.62186131644552,-37.53080845496712
,143.6997748031873,-37.89942415630785
,143.2265559476637,-37.54707496898091
,145.19913792390227,-37.5564531813091
,143.4708606940952,-36.10276037807729
,146.89624428713051,-36.27691281474242
,145.06906984426638,-36.60319854821415
,146.12330435016528,-37.62142578187512
,146.8786043282667,-36.69121868996696
,145.12872837204281,-36.099905613558555
,144.15919114884412,-36.86022447028086
,142.39333464633387,-36.911658481942
,144.93936083615867,-37.838243157294
,146.07664216436075,-36.494959873934874
,143.47733903975998,-36.813053402595706
,144.6574554251841,-36.23521080694704
,142.69507357891757,-36.66349619801655
,144.71977246638446,-36.1249454800689
,145.4613815481037,-36.31841565213219
,145.3390970130811,-37.070211512574865
,142.94404837063658,-36.01260011991076
,144.95489562945932,-37.35740391158984
,144.42888334777828,-36.5855869062465
,146.54280780267143,-36.714049773922895
,146.24108214617848,-37.11187374326249
,144.53191110957712,-37.89000031392306
,146.13324515734678,-37.60820751331143
,142.8286521164936,-37.46165905078359
,142.1445448220717,-36.437058022263976
,145.28032562960982,-37.167103319665884
,146.94543119252222,-37.854472252100386
,144.8440842271866,-36.488178813072054
,145.50356785273544,-36.55117121778578
,146.6578967929796,-36.05508212998143
,143.9944313872639,-36.3206615922083
,144.65664712133142,-36.17066964674579
,142.67523077119517,-36.85295041994168
,146.8921052012535,-37.12039802556114
,142.14814234989814,-37.85406794452097
,145.54687419360076,-37.00768661150978
,143.9194511377865,-36.244933917285096
,143.56520525264347,-37.689209808128645
,142.91741942682538,-36.93597442687686
,143.76924703075312,-36.12239294069507
,145.93923090941445,-36.216058806102396
,145.0451640669408,-36.45743823457562
,143.6374387322648,-37.65388616361997
,144.59796397718108,-36.00309477777392
,144.881510793555,-36.12368913134603
,143.56778814538742,-36.402358022368425
,146.3267538874162,-36.39091295290597
,142.58225730937858,-37.30170034346987
,144.36163512862672,-37.82094034157421
,144.96647491524965,-37.11578204275878
,145.8143897371492,-37.79691643795865
,144.43423680783667,-37.66985974410593
,146.86211446189512,-37.68074217436235
,143.29208185523683,-36.769059502988455
,144.90878436301665,-37.89998593419284
,143.36105963625283,-37.02714029913016
,144.2031925058463,-37.083506199014934
,144.98638737226426,-37.263858038662526
,146.09616593695387,-36.79331276405932
,146.8520749233115,-37.57881970351008
,142.55135001382652,-37.00741614541445
,142.2140172932105,-37.731564220180495
,143.2687621876975,-37.1742473204706
,143.70797412243107,-36.195920486324766
,146.51967975659167,-36.59783592701051
,145.78731431731717,-37.045236462499815
,142.60172954639356,-37.577886027435646
,144.65165716966624,-36.575017579864166
,146.0091792519928,-36.31660816620238
,144.50842362925698,-36.63354994681359
,144.89926979870611,-36.20022369945263
,142.11010428241067,-37.59983941872894
,142.6266415246707,-36.560448893623004
,145.2427173524181,-37.312775088890945
,145.08859945446326,-37.1852977802899
,143.4175495335168,-37.410042527746796
,144.97943673979333,-37.776780897866296
,144.60918215912577,-37.70831309429068
,142.71863132839422,-36.890209720595195
,144.9362882314629,-36.28634627264325
,142.23990687371847,-37.6279237916134
,146.14479299793624,-36.58715438616477
,146.88111294256692,-37.23070580350574
,142.27524803624152,-37.50220594924129
,144.6610843113281,-37.09832785158116
,143.71231239308344,-36.78267536293846
,142.27869667314437,-37.68007220175226
,144.82424718207847,-37.842943592731665
,144.71075000621403,-36.60985362836449
,144.20270218939922,-37.36957368574913
,144.22788248994232,-36.572642379257154
,146.93544742275537,-37.88467759900639
,142.42353924874897,-36.94849278491152
,145.85188556480125,-37.68477409749702
,142.7696361590907,-37.432060216984965
,142.26790263537063,-36.50825915870954
,145.78927492796373,-36.93570539669424
,144.38686039105573,-37.51401975283682
,146.74598362280213,-36.822899917322275
,142.74307890462785,-36.20548332736954
,146.67000174663264,-36.10981984239582
,143.6533407957882,-37.0497520512993
,146.96426946103128,-36.700672754413965
,142.18360517630856,-36.045149945234584
,142.7417876723425,-36.88178984748742
,145.0707549038999,-37.058639005797474
,145.4892862212574,-36.84159906577028
,145.55436380005997,-37.89354591848434
,144.21396546983084,-36.61604803067295
,142.7867258406386,-36.89848519899515
,146.04796327690036,-36.37581382840463
,143.8289884203183,-37.61740122045257
,144.74674857357974,-37.361782157391154
,143.58806299092853,-36.01166938436736
,142.47522400829862,-37.8920245846333
,145.44909025649144,-36.21898751411439
,144.5855101130431,-37.00429643422096
,146.57196955012407,-37.19494901883031
,145.28456504265077,-37.66025091909258
,143.70843895267822,-36.53133911728175
,143.0267294577527,-37.54874929777997
,144.90983042410303,-37.402430447186276
,145.89477071499851,-36.26582642923284
,146.89759319313757,-37.55183283681727
,143.86501911015188,-36.0004337579334
,142.64817637415845,-37.12612407051248
,146.49237533854512,-36.26540668869456
,143.8839404425431,-36.18493292399062
,144.4908184959707,-36.7952194343023
,145.86735391115153,-36.830638422923826
,144.51090596906212,-36.8960300442274
,144.23440857062252,-36.01712457824522
,143.65525866406708,-36.31163007647546
,143.5446691559676,-37.02191119425931
,143.18431626048192,-36.02276838463047
,143.34525266873308,-37.84184021877786
,145.3702009531001,-37.71709782005628
,142.83001895488755,-37.11370202019285
,142.84438671522267,-36.20394184395228
,142.6299364262413,-36.35748066124195
,146.25203746836291,-36.20004389516979
,142.87791270340998,-36.486631911915254
,144.0585278567796,-37.30933798395304
,143.7805674075425,-37.28847734526632
,142.96554109621133,-37.64671668285161
,143.31825353611765,-36.19534499903375
,142.6347134642029,-36.17380765842034
,144.76286856488676,-36.42842729773097
,144.63287286627803,-36.16922955230769
,146.88393334482,-36.82299246840043
,146.10700313801632,-36.44626413355824
,142.3907119413768,-36.31865082593736
,146.75712787051378,-37.21305988932361
,145.33647651999638,-37.619557415243925
,143.70450625832666,-36.32561684418429
,146.41111942684662,-36.03916913109119
,145.77596516853757,-37.473585227403035
,145.05334946081874,-36.928849851372576
,143.36779463312686,-37.65958347774851
,142.86129379375166,-36.9870451653053
,145.00810258798285,-37.21242544407413
,144.31489647305796,-37.76713217936216
,142.22672381431445,-37.70235404956067
,144.04912861097162,-37.875317380371506
,143.88928617042328,-36.510386548110375
,145.04072214953518,-37.40521286219254
,143.3262873208035,-37.69548499636425
,144.3167887933667,-36.775504680670736
,146.37276318752643,-36.430680180565055
,146.83792537951928,-36.577321782968255
,145.08645089192947,-37.8383395534307
,142.18672801271907,-36.77459986374367
,143.65209218312341,-36.06082497903167
,146.76526339075937,-36.0837975738241
,143.9585683359236,-37.52125724203209
,144.57565407774848,-37.308929691811834
,142.62470766264238,-37.11956579004977
,143.9931105391704,-36.2839877698719
,142.66188994689043,-36.74839096186205
,142.52907325054005,-36.954087599284925
,146.74676278675355,-36.52058313480901
,143.75699379297714,-37.39405212956856
,143.60193984810283,-36.07641578771695
,144.06870809163033,-37.192334097060304
,146.96763898084245,-37.76751776986432
,143.90251250268705,-37.63879249985394
,144.32411253212337,-37.81127787655895
,146.5039989422368,-37.14540511639274
,146.35480513051635,-37.742208003373605
,144.1381650564387,-36.3945199645796
,142.25337930564027,-37.35654946266688
,143.08827529464085,-36.045909959150435
,142.70135750450538,-37.542074205985344
,142.31649708318633,-36.81948352290811
,145.69447840922604,-37.24217079218744
,146.2300637060044,-37.02100707783197
,144.7824187021748,-37.021798251462904
,142.06924621987778,-36.42672345060623
,143.24946385197387,-37.25463149386983
,146.74302209712687,-36.29795533697509
,145.23667509651398,-36.47399170786985
,143.65893427569168,-37.16287052008195
,144.06871053993416,-37.45844946751544
,142.52515041669503,-36.71267548235815
,144.49436199353508,-37.286887956872995
,143.41196782505028,-36.445432047367355
,144.74493837832608,-36.61577262435721
,142.3702246824749,-37.37422741207435
,144.07256211338157,-36.16166921480512
,142.54128416428676,-37.23313336359184
,145.70072634158382,-36.361045956144785
,142.10267611529852,-36.854185696777584
,144.20726070030508,-36.27546777543832
,146.107583653379,-37.25903688157277
,143.62279414818323,-36.662820813234056
,145.66921210690347,-37.64714460258539
,146.36097591740705,-36.73723900427084
,146.27152819965391,-37.85091231569366
,145.32123428850664,-36.60602972072538
,144.52383977550087,-36.16051165501838
,144.66241141351935,-37.722269425210925
,145.2935075896545,-36.02783400153547
,146.79804478425478,-37.66760052365482
,145.49120943384327,-36.36835861034647
,142.05365469732251,-36.80617838000403
,142.93841916861274,-36.28932940159941
,143.5747324388021,-37.19372820825276
,142.7110347420871,-36.48715028825213
,146.4749523625207,-36.868918964442
,142.62806099862178,-36.854722394183
,146.34347775125153,-37.62267063600246
,145.4520366275046,-36.03379606891397
,146.24121318339047,-36.837772855329064
,146.63331098222676,-37.14448560693573
,145.480046521321,-36.813562522867414
,143.7691394083823,-36.839976451276215
,146.46596760043911,-37.20289708547078
,144.0861928548145,-37.14459332558394
,143.07475951499362,-37.33255306128249
,143.42488431341317,-36.710959861875644
,146.0896996966508,-37.52586461011328
,145.69403905872264,-36.71297634627992
,143.6590443504484,-36.806484772494194
,142.48226020272378,-36.68983367212249
,144.0134069659406,-36.898024740311186
,143.62472355742165,-36.57258824656863
,144.92350658128615,-36.93887463921411
,145.77052616840052,-37.481460859511486
,144.76540524247795,-37.3986019107841
,146.90721896361342,-37.09361687855975
,144.4380105928321,-37.76121990871477
,146.4110830721514,-36.49436553352202
,143.77749901225005,-37.832625477488385
,145.74500206908445,-36.69943458091658
,146.13648235693148,-36.15775296319759
,145.44885446677915,-36.982460985027394
,142.65268139695075,-37.08658442833912
,143.92855483555098,-37.43206503473574
,144.56661882005278,-36.1860033531522
,142.33241760642147,-37.315470100096924
,143.42520672143777,-36.20441596228423
,142.1954034465806,-37.642219168619675
,145.36747494234382,-37.63068917194601
,144.4997382365143,-37.45846436407094
,142.9068441871119,-36.87144086804636
,143.32062257290542,-37.76314781832253
,145.69868037960626,-36.55720528995544
,143.0564328627604,-36.89922559249458
,142.86176922147482,-37.23417919102523
,146.84316969587485,-37.20522088919083
,142.1767358907294,-36.85095413161942
,146.61652909587562,-36.721208331525496
,144.17454924119377,-36.55915585706088
,146.47872362496702,-37.147273968705676
,142.81949630037596,-37.78055559996929
,144.02751249289273,-37.774718893302285
,142.3747411537178,-37.87745238792761
,144.46537174385338,-37.33685613009761
,144.86790214071033,-37.37243374327795
,142.366058729389,-36.987075977535035
,144.76304431839336,-36.53850554819336
,146.9295627114877,-37.119466697286214
,145.16785228507462,-37.29008233413329
,146.34319924217414,-37.86041420885124
,144.89275917936095,-37.005969857476735
,145.68617599397137,-37.17542827191589
,145.8190365596499,-37.1805988471704
,146.78150808218476,-36.92748521406672
,144.8597295471629,-37.275132754319664
,144.49874427993598,-36.116927777651874
,144.126868379934,-37.751148335461686
,145.0504327984165,-37.089113757816335
,142.042632187254,-37.37754867056224
,145.4723577335146,-36.9539106939273
,142.9512001563038,-36.76189213724034
,142.81833198887,-36.149650201323475
,142.0600124874066,-36.31807715770369
,144.37690551114335,-36.10161346537618
,145.72362388956455,-36.24120481048159
,144.10646289070786,-36.48790310324437
,145.3486075136928,-37.244788423128774
,146.78156881122717,-36.5161783787538
,144.25636060074626,-36.67756427544578
,146.40431941310388,-36.964707452526575
,145.1579732944723,-37.753886121411384
,145.523346040106,-36.85367245238777
,142.16907143818582,-36.904043166638054
,146.64405153925802,-36.27703234859836
,144.0400068187913,-36.81858899877095
,143.35963147209762,-36.16001351844561
,145.3751076755142,-36.103934514914876
,146.72316904034986,-36.004199949700215
,144.70353465260425,-36.316698227631264
,142.5835312289779,-37.54431532156472
,143.07933608279498,-36.35449537266415
,146.65753027244995,-37.7585084955512
,144.39808541509163,-36.59657880899309
,145.4756395172825,-36.861247212039885
,146.87346227141745,-37.01782086333645
,144.79547030589865,-37.483972373774435
,146.05132703384385,-36.73090296565753
,146.5830587244192,-36.00661884752364
,146.45250640823414,-36.33209899757331
,146.2172824606498,-36.34295463516314
,144.6264563507889,-37.238319588578975
,146.27548351633976,-36.58604913862695
,146.98694835031964,-36.123383156798646
,144.27656632926806,-37.051736862926425
,146.51276830294847,-37.55305232254641
,144.7960128838981,-36.34795193854448
,143.58902498490346,-37.771178993519655
,145.79464686571876,-37.06573220299672
,145.56104378386712,-37.86990223468382
,142.98482079109462,-36.80390732276007
,145.89417163641969,-36.63034263064667
,146.32769596734036,-36.528983787270896
,145.86891061418436,-36.3894550678766
,142.3649979989346,-36.79884909365334
,144.27855559565242,-36.77136964413965
,145.45110209845254,-37.2163666208381
,143.76657903064773,-36.44724027858183
,143.13799375135494,-36.72639853870227
,145.38000191531253,-36.34603025362881
,146.0705619407656,-37.43028051078431
,144.87428847346783,-37.04859309539508
,145.73493904074158,-37.06914413182456
,142.74098151658515,-37.47793442995496
,143.4425997186941,-37.814322814565536
,146.67230734442984,-37.309069336993005
,143.16146194790187,-36.744165349929894
,145.97436956192453,-37.637249119851134
,146.38570646534146,-36.88018363797031
,146.40560442296345,-37.87069061920727
,142.02681857766459,-36.871861609247944
,145.96164224880133,-36.3927347879548
,146.0636925832766,-36.5821126242932
,146.83392290481868,-36.97408464885411
,144.10775024203028,-36.92464957394001
,146.11611155670968,-37.02730611071695
,146.96712418483745,-37.40999470905567
,145.37098215972688,-37.255510032903736
,146.87764436724171,-36.31894398616582
,146.41858825103324,-36.23847638870322
,145.38228470565508,-37.78635474690534
,146.6416720912066,-37.17130847669005
,146.96908096351973,-36.865995402969034
,146.75809371050175,-36.474710914659205
,146.18256756121724,-36.27511258255335
,144.29897771460563,-37.41976939747369
,142.74032166171912,-37.035345996106315
,144.388602956712,-36.70326538114588
,146.96091182544362,-37.216052289420645
,146.1287562368743,-37.789031418901615
,144.62405504667794,-37.31571638866345
,145.06980426130372,-37.3991581981376
,143.11789304767578,-36.61100555877625
,143.6548521125725,-37.36684363795892
,142.13050582730585,-36.16300335645182
,145.12339082410463,-37.76330292284953
,142.47560431032957,-36.328957502546324
,143.26468395240533,-37.07621626866815
,144.83096991091747,-37.38232402372098
,145.7940287243664,-37.2694943730061
,143.69974163926491,-36.71128684792784
,146.5102808772359,-37.47388321531851
,144.87002995404214,-36.40554094540169
,146.33665925634372,-36.46871183469911
,145.49657853402547,-37.44888544184857
,144.65827655669605,-36.40381371442469
,143.03368978674376,-36.10296727843873
,143.49682793682138,-36.30597021040915
,146.20088964033206,-36.162263553555185
,143.38033819742876,-36.11996683195915
,146.33815914535123,-37.59978975441529
,144.18685324291698,-36.38158753646902
,145.66157672619448,-37.320365987832446
,145.0542330805352,-36.05160678472478
,142.56060091681044,-37.440942685703284
,142.90278504346833,-37.55913762557935
,146.04754539376808,-36.15306116952748
,144.08962182910352,-37.83095864126191
,143.8676574545806,-37.06338995429453
,145.40049006729882,-37.02849598140005
,146.3378555604467,-36.05377383934803
,143.41950468251113,-37.41002215569255
,146.01621322152815,-37.53825937719142
,144.94400255875348,-36.661063120467574
,142.1362257229585,-37.00902393520608
,144.80711540805842,-37.107985545377076
,145.6221601872632,-36.947821473454276
,142.74148751821593,-36.18040849206421
,143.8270215254511,-36.052888442976275
,145.46145036999974,-37.34501381182173
,142.88926768084173,-36.97200862459125
,146.77311691464143,-36.97597655891414
,144.05873018982666,-36.66047875656443
,143.24573409701807,-36.88362383070298
,144.65296086738567,-36.68014857985863
,146.93864104176492,-36.47338566578131
,142.49624871305002,-37.882202688653756
,145.3425302869081,-36.89935855435286
,146.0040445802765,-36.83990998840526
,145.59469409144697,-36.51641261668945
,146.25417309641068,-36.31990968691574
,144.85956733599537,-36.83212104562802
,143.47407037125987,-36.22011533847181
,143.78379429231413,-37.69354804316665
,144.6259516036432,-36.90378703183563
,143.41512857962985,-36.084195985941236
,142.16480467563161,-36.57538752373306
,146.80743901392566,-37.72544141295155
,142.35407300883026,-37.123530623023484
,145.53976049283122,-36.054511008530305
,144.1055303672347,-37.062875555926745
,146.13222912728125,-37.60226481971061
,144.6917397133023,-37.235555305870875
,142.91061464614884,-36.22810684566634
,145.84170341487794,-36.063459865427255
,146.85397169620904,-37.5673026372682
,144.0467473255973,-37.221863125270524
,145.73081890563776,-36.168605081246625
,146.3381568673361,-37.475921935831124
,145.84016597975915,-37.455320376272645
,142.1333578958162,-36.92844893116786
,142.3937431104652,-36.62514119061716
,146.10424188736667,-37.240976936624904
,143.92923598688614,-36.36649431970115
,144.5366246150637,-36.8217715001085
,142.76790095069614,-37.62052145090323
,143.9288737297369,-36.895776967760526
,142.56726997968894,-36.95235490981967
,144.08438871804302,-37.21705444717403
,144.987416734366,-37.41013993497585
,145.14812662515092,-36.11094252839648
,144.9648457236377,-36.688850484909985
,146.39885267415218,-36.301020723754725
,146.54339082868918,-36.759583302388954
,143.55096808038155,-36.120698636437204
,142.63539653728873,-36.53281664165564
,146.05808410289265,-37.495617861830105
,146.60309655656172,-37.12574046627133
,145.6963398674115,-36.60952575621367
,146.94103434834867,-36.761510758059025
,143.7942263207235,-36.58771042254325
,144.24277013976385,-37.41892793823168
,142.38591815450388,-37.32922943846735
,145.76720456873298,-36.31634312539666
,144.63436760106018,-36.58971222853332
,142.88112174463726,-37.132806289852084
,146.05647284513688,-37.19905388811173
,144.57078054363978,-37.822740055820226
,143.20091687445702,-37.68597329036629
,145.19582758742052,-37.3868087043189
,145.12870681484384,-37.31604963834634
,146.21457422929868,-36.18615871281168
,146.49264341598524,-36.37583616391594
,143.3114421549845,-36.61560945225662
,142.9529387117903,-37.14396474419907
,146.91386250535322,-37.79225540612759
,144.99991033849128,-36.29653463290413
,145.75111364450922,-37.81356494969262
,145.6620822311036,-36.09870852183475
,142.64815695988497,-37.47997257202403
,145.98073669815875,-37.7885947518434
,143.94825165223048,-36.93113134324027
,142.5092108332944,-36.22339232501768
,143.7793447342291,-37.81165365223823
,142.0296063789221,-36.08934177134786
,142.85503830205195,-36.48993671715992
,143.24452259600167,-36.58776506552733
,146.2121370649226,-36.65395726364727
,142.29290204959932,-37.60280082025579
,146.16674812199923,-36.98753795876359
,144.9335957704467,-36.67215453346444
,143.3219882940042,-37.197417029790614
,143.51670937023448,-37.35147860072925
,145.8433580544158,-37.49498398647268
,145.95356839653425,-36.965413860054774
,145.42386902112946,-36.55048723120101
,144.06073978108466,-37.56553147931732
,142.85485011097433,-36.95649787353012
,143.05328925339737,-36.3905697015075
,143.1294230067329,-37.48833015355188
,142.5499186397375,-37.36687540431326
,146.61369142622212,-37.24315144215624
,146.80622077595774,-36.686679944077994
,145.20100847019475,-36.99652113667142
,146.04578274175833,-36.50479769728487
,144.47235383922265,-36.34136616973496
,146.10959334142612,-36.326383153637856
,143.8304153726072,-36.70826761934503
,146.83391651127485,-37.63863530242588
,146.66320679329138,-37.258877231237506
,146.18336656480034,-36.10781799034973
,145.88551901330538,-36.75869345261269
,143.06182955574346,-37.69868854746414
,145.74220259542764,-37.553299258697756
,144.8162889960861,-36.94023011208323
,144.07297535834508,-37.39348854137159
,144.8161393650243,-36.553150370944955
,142.25751763759556,-36.018125384442335
,142.11242334660685,-36.06990304104278
,144.39355949740062,-37.000233113675606
,143.78524515102276,-37.31328610980521
,146.99461409706308,-36.32837745222787
,143.3486072653121,-37.61627427836592
,144.20231224388354,-36.96007489368217
,144.17860317447105,-36.4120212503505
,144.88134170210253,-37.411915817219764
,143.53698734886083,-36.78374170182019
,142.12760266436916,-36.98857638893682
,143.22222911028115,-36.1386482064114
,146.47239872408304,-36.60659449476002
,145.97130608142936,-37.70572332318666
,144.68632871361794,-37.72656318550191
,144.21371344708075,-37.193557232820616
,142.71461635646597,-36.02957159641282
,146.317843893683,-36.28327177088338
,143.21962653019688,-37.06514620104482
,143.00836933721612,-37.112923445607635
,142.62537545476,-36.21977495559862
,144.0596245116517,-36.91062587968196
,146.80964040500308,-36.14793213522405
,144.31830387038232,-37.094595839839336
,144.72339963734902,-36.25107542037939
,144.19238676579977,-36.16534070042798
,142.6663198272716,-37.43234351299668
,145.9053004019148,-37.2116453153803
,144.9126191225689,-36.98329101785058
,145.19834782375557,-36.42447718067961
,144.4068022315841,-36.39000858770732
,145.34654114564054,-36.797942239312576
,145.43606519724585,-37.3448061953005
,142.1524254355775,-37.68104384142177
,143.6011290426978,-37.42617669807962
,145.5437934050377,-36.89881672611658
,142.5392567410363,-36.23206638251765
,146.76155285697115,-36.97287933001979
,146.34542756668358,-36.35303468250464
,145.18135837606144,-37.872425592738644
,142.0630631596954,-37.50496752245511
,146.20148484924428,-37.69282588813399
,145.03366683967147,-37.302030594004464
,143.46713624131968,-36.36388096251371
,144.5151342400074,-37.64011488656519
,144.71915664112856,-37.297201862264
,146.378816356938,-37.11097218575573
,142.28843665804172,-36.70731593971766
,145.46630999304733,-36.556907216278105
,143.54835001972182,-36.581446897844
,142.53309338566817,-36.13125980681779
,142.82967137739217,-36.467528631358235
,146.321871547858,-36.30867106357271
,144.76266862860905,-37.261311144419174
,146.61852619789045,-36.60340329592342
,143.7233631971087,-37.683476094653656
,143.81525388934642,-36.87525951990735
,146.55348685718,-37.01046516753208
,144.17796272693835,-36.0182563663967
,142.2290669180295,-37.77958931636635
,144.20849958170965,-36.358173094644656
,146.66810140416598,-37.85430475547177
,144.29884601311286,-37.17463131707407
,142.6573677759144,-37.37288231305814
,144.28661667641327,-37.4803079957871
,145.76714592301127,-37.868393266178494
,145.7137171585383,-37.330431471224614
,142.91539598573297,-37.5348429664105
,143.24354318503038,-36.343578424882296
,143.82152124223668,-36.52414771042878
,146.91897188388077,-37.72999648423626
,142.46339868552425,-37.633928879212924
,143.12085053344808,-37.45824665490467
,146.44976590524658,-37.44165743875835
,145.62623461283079,-37.17531949300459
,146.76646018740962,-37.16335109539349
,143.43706418937717,-37.56536418599316
,142.2246606892179,-37.833455705546534
,144.1179786675288,-37.24554447492684
,145.12280337838914,-36.32861763454992
,144.43440045961407,-36.04396985696037
,145.38326316132316,-36.64968089277059
,142.89238296460343,-36.80171599911781
,143.01546575715307,-36.450181889413955
,143.13690353457554,-37.42818978937524
,142.3259890128488,-37.17770011626115
,144.52067368574814,-36.56541750103916
,146.96166240081894,-36.536480844224606
,142.5088914274952,-37.312515614020356
,146.97164947965302,-37.19463664734515
,146.93672884056508,-36.49671662279458
,144.09580708735572,-37.038341735140506
,142.12991667637283,-36.480330665301764
,142.2467272567508,-36.65348121464817
,144.1135598049224,-37.18893302477615
,144.54488733542033,-37.45551990609394
,144.7519637807251,-37.61603359760512
,142.88976610955757,-37.580149490138965
,146.53345950530715,-37.59280703039015
,144.86477867567277,-37.7846804833732
,145.7884151017309,-36.02674341803117
,146.80630055785997,-36.09954548753992
,143.55201484349323,-37.59587303902559
,145.5637199132944,-37.64674042356494
,143.86098040795602,-36.11220709030102
,145.42258276281956,-36.8264784122318
,142.80736321067437,-36.54914332291789
,144.94796887385127,-36.55784166447022
,143.5793834266015,-36.39167560743326
,146.77511061227293,-37.390413547558474
,145.94668789342003,-36.6465705837554
,142.0941654159332,-36.927615503698284
,145.18972279108257,-36.64237575391255
,142.02248588679828,-36.74321744519942
,146.16159883550893,-36.51897644616766
,146.08793789441532,-36.377079907777805
,146.52589983528583,-37.5438771112475
,144.66785994298,-36.63655746572173
,142.0747197199053,-36.311389080523114
,146.7703278280613,-36.43386320331894
,143.10609377254508,-37.8760679344022
,144.64519052236824,-37.27910851839014
,145.0579837096159,-37.819500297602914
,145.02110951025617,-36.27104391817792
,145.9652630399429,-36.344033400118136
,145.67972291058584,-36.89331491571154
,145.64346508223574,-36.64064923135937
,142.0199357797683,-36.38854277477445
,144.1957729126952,-36.82485847370538
,144.2829898035384,-36.640432249898055
,142.4288386432976,-36.09710621662561
,146.21312153159164,-36.2461386842208
,145.15770231044945,-36.82818837872434
,145.03753351588728,-36.87871314976201
,143.828804941079,-36.1049644190379
,143.37807627353695,-37.771733302758314
,146.44272452728254,-37.589542072635474
,143.33891045447174,-36.886323491722514
,144.06783124578018,-37.05794463577368
,143.50019987452015,-36.8275033443109
,146.0266433181134,-37.32786374941767
,142.09999786484494,-36.102663237072804
,142.52101088426778,-36.926095527861825
,145.44879967791613,-36.629466076788916
,142.58204761383286,-37.75312938655028
,142.35832338070404,-37.61356589617354
,142.7408018182383,-36.239749556944396
,144.3986714846774,-36.28151262969099
,142.0312164960961,-37.30918205950153
,142.18902526265708,-37.30451761173888
,143.31696225286444,-37.25629671383682
,145.6794863072569,-36.88225559824282
,143.08211194431487,-37.18959658670271
,146.16600620821072,-36.32458763910071
,145.01090979828075,-36.34578036301728
,145.77791679094855,-36.88068347701846
,145.63713736634134,-37.3037147238234
,146.17430983664315,-36.056985575330756
,144.6681504546078,-36.53168762417242
,143.36838263479316,-37.35027009868419
,142.90964382513985,-36.31551645287833
,144.3134692350271,-36.92955584190639
,144.6621315116401,-36.27585622709877
,145.23600006419508,-36.13149906736343
,146.56674732209933,-37.34831440295994
,144.42814896001684,-37.89670937482589
,142.0176802423984,-36.86964238068213
,143.29001749031534,-37.34053077593631
,146.12401006817228,-36.59292912518526
,144.00698156403803,-37.20017063995895
,146.66945173549823,-36.33364004089856
,143.3096333320613,-36.342820702641085
,143.65594920342159,-36.64812297406432
,145.98932962987803,-37.767285062135734
,143.15666093396038,-37.5866932791049
,142.34397758847066,-36.89875073974953
,145.74271849990535,-36.481187126476705
,142.095596755778,-36.41254909480177
,145.48108928881595,-36.25776700303302
,146.48441849934756,-36.152458030541055
,143.64429936991317,-37.24971642860841
,143.8961407725883,-37.699083857425926
,146.96755885685565,-37.314883277544226
,144.55805444509855,-37.216398638360076
,144.0576122794659,-36.41757665221993
,145.56350167422457,-36.9360281362455
,142.28766379253625,-37.57474724908092
,146.4469277639534,-37.52165752158649
,146.49335153384192,-36.72249666252937
,143.21736926340773,-36.08069711617965
,146.8121379254153,-37.63188889469305
,145.1887408867628,-37.34410193548197
,146.31471126973918,-36.359441067314826
,145.32293489351636,-37.045266139446376
,144.26416011997182,-37.058861237810824
,145.2145245118365,-37.778631440739034
,143.64114236334825,-36.14800823259603
,144.75170203256428,-37.79181059167602
,142.25461942775485,-37.6838215605062
,144.0123260969691,-37.641421238769055
,143.85811318287944,-36.08816765870158
,144.6442040165319,-37.84943494875012
,145.7474582947609,-36.97668782690856
,142.96945497313138,-36.78244030458479
,146.41843597960863,-36.43000293766113
,144.35590724441929,-36.020134548533086
,143.24127524206494,-36.36331888972079
,143.23874705400672,-37.199143326373104
,146.72812285579957,-36.46320876061574
,145.1942449209914,-37.00241128747569
,144.0734206350053,-37.42109338264942
,142.85538783364453,-37.08246364169881
,146.30949173983635,-36.6364277607465
,146.54230138883972,-37.698117917585556
,146.5029909821626,-36.84936228076257
,143.57401067993018,-36.70914310729198
,146.65285218075348,-36.009769932671375
,142.88850074819922,-37.210060419973985
,145.60123841581472,-36.73126255609702
,142.89824841589095,-37.26439363743639
,145.28234701696618,-37.594625096751685
,143.17742998665008,-36.168442882202264
,142.65000559869682,-36.6713679540708
,142.65346695802327,-36.64169019725175
,143.50287670422279,-37.77713035973212
,143.82143487710246,-37.04661753560932
,143.2553752369321,-37.61451463462577
,146.2805521029318,-37.59584274468647
,143.0472792470157,-37.65943050043956
,142.69111602412067,-36.55207107667451
,144.74749935097094,-36.05460413634877
,146.4262144606246,-37.29410347122412
,146.7030487744984,-37.6136307593534
,145.73691271059033,-36.95614542506678
,142.04700764114904,-36.16450420244638
,144.86837066597283,-37.62271307188767
,142.76427440080886,-37.573169517868514
,144.177222938018,-36.23700768103474
,143.28803353913298,-37.835286375036745
,143.4793345861431,-37.13279567686007
,142.26555140147164,-37.34271761196915
,144.45085493420547,-36.83905949011804
,144.06992300913282,-36.424524926103615
,143.57402995772603,-37.063932597064394
,142.51618814440397,-36.54233776257622
,145.44979165254966,-37.51607226556373
,144.31199708993447,-36.19599936651677
,146.71032889397904,-36.45815095912736
,143.76048960173136,-37.62035701030706
,145.50375929937778,-37.138131300408794
,142.08840528062538,-36.79960689964242
,146.42363043555963,-36.51149951838024
,146.53206921198722,-37.23255447431115
,142.53552467247044,-37.64470195603526
,146.49727647020504,-36.67410323766539
,145.09510640242064,-36.92714537953599
,143.80214256404633,-36.060087478502105
,143.0017017120036,-37.60082969542824
,146.6093802678827,-36.56253300508011
,143.19037594500156,-36.9882534017479
,144.7933851900704,-37.58998999009098
,146.3628893206418,-37.41127595949588
,142.1231708368424,-36.77981145682341
,144.6080435271817,-37.757589801739854
,143.6421916079165,-36.52160788774474
,146.02479539541935,-37.08413798335928
,142.80316520117037,-36.419411350240594
,145.43261066257838,-36.53105889152264
,143.2308199490161,-37.890186640933166
,146.62040117383086,-37.51719724721029
,146.45234256485514,-36.223823774246746
,144.03043063198862,-37.809340807025286
,143.4973076716532,-36.92116339403686
,142.32383271706425,-36.54981011689603
,142.57450977763642,-37.638277151480246
,145.11896538702857,-37.67527953416858
,143.6278787529102,-37.81078171250658
,143.99202099277764,-37.301171689465825
,144.9826019449573,-37.599872295030444
,146.7253964160983,-37.048935256095724
,142.176664201142,-37.079895532374074
,145.82810510468485,-37.23760467667004
,142.5597528966881,-36.43645576773209
,142.8720257752692,-37.47455705393898
,142.0800734512081,-36.0261039218214
,146.55245618749453,-37.23335698115631
,144.6439203952977,-36.27031128612156
,146.98349881010176,-36.45837181082933
,142.7697037534953,-37.58762967081152
,142.50988321763543,-37.58361557366181
,143.3945431866192,-36.16281901412526
,144.21220913951768,-37.12721698877485
,143.678356304181,-37.51245419364099
,146.90914292164052,-37.33829047385834
,143.8305194553887,-37.43604783694389
,142.32495510831114,-37.8132898647123
,142.5799204969986,-37.480293888354474
,142.63710869801292,-37.17963180529102
,146.52029278439804,-37.04848520943124
,145.13991782434013,-37.35860841388592
,144.45603358332923,-36.77983330560866
,144.03076367142577,-36.62804410995406
,145.53809584023165,-37.1023570688584
,142.5651792352453,-37.2874693478623
,144.8458084746748,-37.76488616009242
,144.92080763187133,-37.60459708832727
,142.80914361701846,-36.27819246232875
,143.7092059031424,-37.39429783821236
,144.65169709009785,-37.70318571999454
,144.45162959919153,-37.65890384130673
,144.05585645793042,-36.892850395738265
,142.159547960644,-37.092667455569696
,142.04473898324483,-36.98780107441891
,146.38337484016068,-36.941539370814695
,146.9181059916987,-36.8610287641604
,144.87406445476407,-36.51015284249006
,145.97419773477404,-37.57720776209094
,146.71731322404102,-37.510868324407284
,143.24781729019375,-37.55872673098455
,143.22521181021685,-36.36341394583368
,143.02369584601269,-36.82906992042189
,146.3559327707443,-37.33325077870025
,143.16610687197416,-36.30548266701934
,143.4903919014164,-37.68719649004523
,145.41991328215383,-36.02408158390722
,146.72681303871497,-37.56535793883882
,146.99955517970807,-36.697091779426245
,145.4263585124354,-36.20823519354586
,143.75376243996698,-37.09637026258655
,145.07631816533856,-36.41437757834734
,144.33066337459766,-36.69770335397251
,144.59234035210167,-37.55400620036615
,142.73672930831378,-36.730968180310875
,142.23407305598013,-36.273553580143464
,144.18093967756113,-37.53534367508955
,143.16769524115844,-36.196523017556004
,142.42318140316783,-36.9980839067776
,146.79630913219177,-37.114831841423374
,145.04125781326883,-37.27865485759574
,142.99448473995756,-36.17888714351718
,142.8566459522969,-37.150213705312304
,145.74945846864492,-36.76906749844004
,142.70937709598536,-37.22110190678224
,146.33714548326287,-36.6142038475434
,145.9381454246837,-36.32678136433943
,142.07913226114192,-37.87269385543498
,145.29348822532756,-36.83645651872577
,143.49310269215388,-36.413846781623256
,146.19442129933097,-37.557105123275875
,143.15540554406118,-36.44349671821552
,143.6750953762736,-37.61219683239183
,144.18574351957238,-36.35960840565011
,144.82288232930853,-36.606401042848645
,145.0923357652434,-37.307140506050025
,143.87629382653657,-36.01614490225843
,142.64041348200138,-37.43199523113245
,143.36599768860745,-37.2258342568481
,143.6955698989005,-36.025132173100076
,145.56391902232627,-36.30995889136802
,146.9716465983969,-37.643130364596466
,146.68038421639415,-36.212951837423745
,146.16330091889995,-37.06088362490644
,142.53390055773738,-37.05253383155387
,143.14320110085362,-36.28676972222013
,143.89597622015305,-37.4476422193889
,143.65012268334877,-36.52881343145314
,142.40732374049935,-37.296004132499355
,146.73357098073268,-36.770179210406354
,145.51620436211942,-37.75735766623032
,142.70554568475254,-36.242691166624354
,142.02407120113446,-36.2239286553655
,145.1603930866305,-36.25431357681882
,146.11946274913024,-37.82271692942971
,144.6560996865849,-36.16766592640823
,144.01705443386618,-37.50174595607578
,146.18062414683982,-36.94170352983974
,143.0904886928897,-36.088501971878095
,145.32433337431073,-36.52882127365343
,142.96498066105315,-36.02874402890928
,142.06059096563018,-37.79577938040659
,143.51876254134658,-37.81328044157094
,143.38776037491002,-36.676268491896224
,143.2681149603114,-36.886791742055024
,146.46286953766102,-36.03063485821888
,142.15758160794712,-36.257468896523996
,142.98539194995482,-36.78885751248126
,145.95999454564662,-37.855797160402226
,142.0932813612317,-36.307112209756916
,142.95885550694837,-36.63664428083802
,146.14166229767034,-36.20290842640345
,143.2926966674367,-37.74734299678037
,145.4969169503596,-36.474960002163925
,146.7969773996016,-37.078570778186766
,145.00693025056177,-36.78315110727375
,143.6581843667628,-36.9379953243401
,143.19236591596615,-36.328216296914896
,144.79213727726892,-36.91978220276718
,143.6819051707912,-37.427522752038
,145.4926007514343,-36.35733121616128
,142.36177735429297,-37.898120689641246
,143.23961370457414,-36.19809498627688
,143.56415392848922,-37.35856330693203
,143.49997304817188,-37.46018701267977
,142.64745212904936,-37.240569630049436
,142.63241953806397,-37.81795275916945
,146.21412109707538,-36.79625820079891
,143.79195260960907,-37.425059014187184
,142.18195144308075,-37.825273045509576
,142.7557939904597,-37.02133943269214
,144.92406300079733,-36.41128461903108
,143.3741098991909,-37.25961648860192
,144.3832430244754,-36.04796085134648
,144.41347609495102,-36.00334366922403
,143.13295394146093,-36.2645028499497
,144.40265331452736,-37.42821595562962
,143.23988182383056,-36.37246911308318
,145.46820555056522,-36.60954485595452
,142.87443422415777,-37.759622498565214
,142.35207991578736,-36.436337154029275
,145.11763222157361,-36.7392343744852
,145.3921388304372,-36.59181692526772
,146.52662674577692,-37.67672543587354
,142.1918556669437,-36.23754293493754
,143.1597992935225,-37.86086705927548
,142.42634235060996,-36.94662644546478
,142.443655188981,-37.34038145950755
,143.6806998331572,-36.90063393610598
,142.64517085204366,-37.40425274008009
,146.2327378522342,-36.55648521888435
,144.3389712729244,-37.86702572842231
,145.4502392230577,-37.45157122350228
,144.9973122040623,-37.3339359307797
,143.53189485989682,-37.33193160345673
,146.1042755906709,-37.656916568369795
,145.67560898032147,-36.291172638534604
,142.9236895814371,-36.92421285152058
,145.0980805575831,-36.87729396045469
,145.52215534938856,-36.853692819180104
,146.875943205508,-36.157049276290266
,143.61261698110593,-36.94255369320652
,144.41889874826978,-36.70110913479712
,144.30262005906172,-37.60306573974827
,146.16865073077378,-37.42765734268681
,144.8823961579572,-36.566803492170564
,142.10392108410556,-36.80557745089987
,142.05774703094866,-36.7403764726209
,145.31743056904685,-36.17610455617435
,145.30622400524783,-36.07632468681028
,145.78646461366912,-37.0636525885966
,146.52835913158876,-36.81777517569311
,143.45081840706675,-37.41705593169619
,144.67984116824155,-37.011958475251
,142.43070028442983,-37.875019648415524
,144.500429425938,-37.57186485457587
,145.48421039213184,-37.71368290749904
,144.78062873970373,-37.60933048552417
,144.39125054793615,-36.42906819662889
,146.63668786464228,-37.7029583827851
,145.86235258928156,-36.2517068804839
,144.84191982357592,-37.49395891530847
,145.82705815629745,-36.85054080487527
,142.44014799560037,-36.74942111165082
,144.85349677482648,-36.667595552372504
,143.1752671922226,-36.340137693126366
,145.1827461531342,-36.467205807041125
,146.11181555004836,-36.26200052876258
,146.76326513669065,-37.00015578027625
,143.62627111433187,-36.079326468126695
,145.0709856755069,-36.802886195712134
,144.47732595574607,-37.891181340471604
,146.03529923868405,-36.561776688788505
,144.70330482566695,-36.144099133099466
,146.61355346491314,-37.36413787726811
,143.75986887664874,-37.67778625543572
,144.11956059380324,-37.66832884736715
,143.10190404131734,-36.18256691612211
,144.4819709671197,-36.49147049418257
,146.40419814311065,-37.08444964342496
,144.74027466734594,-37.42440841561267
,145.78959592214292,-37.54095869007384
,146.61722463400926,-36.6421138532785
,142.42898733569882,-37.11043757265277
,146.0876671498956,-36.67543291747994
,143.87191526906744,-36.13819022461364
,143.77387317367408,-37.62021507990963
,144.90916439535656,-36.615803790871
,142.03410228379266,-37.520813461591544
,145.44187331172498,-37.87303214023242
,143.75814689089754,-36.58434561574038
,143.01431378801,-36.05178609078834
,144.67829137430795,-37.73672089331262
,145.746226256908,-37.205240473405965
,142.69372920214886,-37.727533264110036
,142.79329087159377,-36.64752943965141
,143.28050014782784,-37.545034151723996
,144.06267201968504,-36.6302892107052
,142.11018769492935,-37.72278589707634
,142.04961724672182,-36.02795322638801
,146.6184409151952,-36.98665420555374
,143.89463509400312,-37.14247056908393
,144.44237510424722,-37.35469268221803
,144.29610420027484,-36.013511015889954
,145.5788832917739,-36.32023857820527
,145.5137693011779,-36.64276792596927
,143.6543618567828,-37.81965496732901
,146.9265817429654,-37.52335599068393
,143.35601218687327,-37.49976977795264
,144.0850411182719,-37.81469981495442
,145.95861040578242,-36.73345559494038
,142.68936552210894,-37.691137757514404
,145.16744010750023,-37.76330267286711
,146.72977071431168,-37.52984704843979
,143.3060569762362,-36.86080238527922
,146.68420246626658,-36.80234013672967
,145.37647888552368,-36.95248578532561
,146.20300123864206,-36.17996012954846
,144.27140061936515,-37.19691227501292
,146.6303587971567,-37.71416262184169
,143.2772921488126,-37.184480266813566
,145.9921591266286,-36.86503871979968
,145.32598040176626,-37.565779377367875
,142.43254521441852,-36.302969389782085
,143.13289762927405,-36.68950816944576
,142.93630307450462,-36.22114091696696
,143.11294119114663,-36.52550753506494
,146.17170007900728,-37.547405431670136
,146.07172704499553,-36.348101310508895
,142.689739504184,-36.92368650968774
,146.10023305542762,-36.03182389613693
,146.74806797581022,-36.755384752177434
,144.78121117917,-37.43665991906801
,143.56557879625097,-36.84322639874891
,142.7901908077194,-36.1873202852613
,145.0402576104298,-36.576865050225244
,142.38442849785682,-36.24566853398231
,145.7608266012769,-37.17834576036519
,145.30844817098765,-37.75645647783226
,146.80121636085588,-36.271362768877815
,144.0304403603633,-37.03528788391747
,146.686488573176,-36.48432573427585
,142.82033106811465,-36.23912575757717
,145.385581978357,-36.8279489673074
,144.20910105984763,-37.7725957102893
,142.18561934007707,-36.321584290563585
,144.44058172141735,-37.67413098213325
,142.5020084714459,-36.72625302490646
,146.7210053162425,-36.174006272346574
,146.92682042445492,-37.00660139236385
,144.0545595556049,-36.41013170001462
,145.6921986180651,-36.70381471783454
,144.0581301614776,-37.0577102362758
,143.69676344636846,-36.776104000886406
,143.17266594769148,-36.1432434077269
,146.3671212644042,-37.17409330763798
,143.49275078689132,-36.99056101071895
,145.28436998474888,-37.46552948507814
,142.26191860503812,-36.79911671928343
,145.98743140837098,-36.45031253438229
,142.49049040821282,-36.13206905187225
,146.8689937479437,-36.45386861343333
,146.5324336660166,-37.732273290319064
,146.38377214327522,-37.193723574041954
,145.35120845182868,-37.8483112594365
,145.91884603632852,-37.52499042999258
,142.46863403121142,-37.40617907102992
,142.04252950894679,-37.56841682534319
,145.02384998564585,-36.640207444322364
,146.00449916105313,-36.50112952590549
,146.08225069390383,-37.6432854518754
,143.8317526012828,-37.714093478494675
,142.4122527572825,-37.568319772841996
,142.5144417189134,-36.985733957753766
,143.300751489934,-36.54490656390687
,146.83396142040257,-36.91661090598752
,144.22749119950595,-36.61762019068122
,143.28013310909506,-36.128495038341235
,146.36608965369953,-36.871726797609924
,142.7376489237559,-36.666161966651224
,143.12330302689116,-37.636300915725556
,145.55614434923882,-36.75758072684237
,144.35073334544776,-37.857663410114995
,144.2589469871822,-36.44656699712055
,146.2148998547589,-36.078678401811956
,146.2545707491544,-37.11549560507008
,144.93177307700316,-36.37911689147927
,142.9239256093635,-37.37971244671231
,144.82528249655928,-36.92891368274678
,144.41987792971958,-36.4463416435777
,142.59678357251485,-37.69352853464096
,142.22721947474724,-37.71873825412849
,144.12728464190602,-36.60881559518474
,146.50748971346454,-37.818394154956636
,145.91657733594693,-37.23451333601328
,144.41932550746574,-37.185676178503314
,145.4557192016696,-37.4622242961763
,143.9038138414353,-37.527989170913514
,142.45228523366393,-37.614943926723456
,145.60769968247533,-36.08515707613898
,142.7545931097132,-37.816551026322294
,142.51624050327572,-36.85762281894909
,144.49332843903395,-36.53199218875328
,143.42221335981256,-37.81667364337725
,142.35296601212363,-36.53929471064513
,142.48747158060362,-36.65008875277218
,142.60758503489726,-37.13375940469051
,146.223706984439,-36.15760964517459
,146.70913462065622,-37.087922657281574
,145.63601252185381,-37.841514299082725
,144.4756262732884,-36.78362187728428
,142.56841435321223,-36.67919485126989
,145.61453365296498,-37.7077533445509
,144.35074989059953,-37.38690599771589
,144.15159763310996,-36.22743707081272
,143.60775565654748,-36.809410547671305
,144.7671586391703,-36.01869399086492
,142.72234350008037,-36.23791704068403
,144.08416063695302,-36.331539833688176
,142.18096425874273,-37.38561863636642
,143.841003238416,-36.76366932912465
,146.77657152990784,-37.16493474317463
,144.5553679991238,-36.588921674851775
,142.55783453578866,-37.2796415444386
,142.98386049484887,-37.02646571358564
,146.5175973378729,-36.95533992128123
,142.1869133416805,-37.072680834202295
,146.36020941485097,-36.27923256664072
,145.1797603798018,-36.479487589370706
,143.92887080841575,-36.0994852917393
,144.6979804070343,-37.64960607783808
,144.8175698300912,-36.44820294649303
,143.1545389321911,-37.137907190887944
,143.42197378271288,-36.64309323876962
,144.1775675252218,-37.33384950878724
,145.80787469967333,-36.88584433677526
,143.43148332518894,-36.252172525212096
,145.94617628854064,-37.89215074056827
,144.29388341816534,-37.316533620459985
,143.8229517323688,-37.72604073184728
,144.25676325998282,-36.105715384744066
,146.63590290342208,-36.504527653117314
,143.6598918929133,-36.61006982633492
,143.61838827870343,-37.652256546237346
,146.6821004460527,-37.611531887298135
,146.59421415164803,-36.80747862987079
,143.48994957681455,-36.74565769993044
,142.14002876285906,-36.821297261509244
,143.14279713749983,-36.78090072102179
,146.19476431509358,-36.03423388617727
,144.9586109178989,-37.68394536807587
,143.32450028426481,-37.34959470691572
,142.2264360164549,-37.5964753780505
,143.15466675483543,-36.276387800835785
,143.4741464141236,-37.44287036591855
,144.03969572484158,-37.33321700692618
,144.63630116175563,-36.559072171709616
,144.09371939020974,-37.174333648535615
,142.8634452441265,-36.407400191322836
,145.9214785681338,-36.937230405360914
,145.00430603013078,-36.753686219452945
,144.3772558372401,-37.81808648334849
,142.04405645196505,-37.14763673835423
,144.545118408772,-36.969099044586706
,146.4941205731046,-36.26083836096938
,143.5821144418772,-36.1970013870676
,145.70962926977805,-36.03164527058651
,144.87163952090955,-36.22838317606451
,146.75287385106978,-36.864735292275455
,142.43027442133885,-37.43475719440785
,142.43315106696846,-36.03451623759954
,146.29891469873905,-36.516052619377795
,144.85400559750724,-36.63239495527316
,143.86218792623808,-36.95958816070519
,144.07744522632726,-36.17329810462708
,144.4079938066179,-36.76734767211295
,144.70542833015787,-36.032522560454495
,146.8373701721176,-37.664234546007776
,146.76075096187043,-36.336031006482784
,145.1517921387039,-36.76449248786174
,144.6849719399128,-37.05528777909265
,144.5376735024879,-36.38214224345937
,142.5507885203083,-37.38593367008688
,143.43208020384907,-37.0818596772332
,145.46223679392105,-37.31089658804036
,146.30442227391873,-36.36415460497868
,145.78273265699968,-36.40596461681772
,142.856273345497,-37.80570192946202
,142.84108633526722,-37.09834102420265
,145.200447793852,-37.823363797332334
,146.68276711159007,-37.63990554984186
,143.3856487964903,-36.44677729217355
,143.13505826695177,-36.39843175187135
,145.20399839304596,-37.824328027323375
,145.33342054385568,-37.01019450704958
,143.58522220478625,-36.92964970906672
,143.02658809355373,-36.98863069693289
,146.86944777481568,-36.803575138898715
,145.77432815161436,-37.061784466532366
,144.63260499797073,-36.222479100424174
,144.49120477976118,-36.97045452360743
,143.53665105862032,-37.165993015832186
,143.97934713714017,-37.54712067044096
,144.5596021159816,-36.0701294254495
,142.32339058394572,-36.02155963653663
,142.13970965172433,-36.63402374979587
,144.69892166284708,-37.56833784933054
,146.97926511752436,-37.22899358466407
,145.61293486640926,-36.20832746329927
,142.96121015717907,-36.12788253031947
,146.0551983726472,-37.45807649588561
,146.56269770448364,-37.431424709617374
,144.6315571632699,-37.461488538728844
,145.46488780583576,-36.461538033685045
,144.13172502998663,-36.15026504820962
,142.45699755405624,-37.38258398171169
,143.59977326295095,-36.18472132872974
,143.58942624523627,-36.441281038218804
,144.9807310484896,-37.09140484576276
,144.03037602109632,-36.53133633982498
,143.50378748574883,-37.81754837884237
,143.9524403528398,-37.75389507872863
,146.1409056520143,-36.72760080120482
,146.0332376743641,-37.61529768634612
,146.62878805130114,-37.65380512074118
,145.56776088783198,-37.894957337773334
,142.34883034707389,-37.162634279278144
,143.44139157296766,-37.221666930324105
,142.42549193299448,-37.08605590976593
,146.98120286023922,-36.296525798076345
,143.21104323546294,-36.619414159190846
,146.66975717542104,-36.25589545556713
,145.3356750230948,-37.18288656079946
,142.8516308875439,-37.470575471465466
,142.68933093662326,-37.35441305677387
,143.42745281132443,-37.0224086957258
,145.33521394103002,-37.0993767362199
,145.46630499043383,-37.68287691815043
,143.09192428929967,-36.919981895468304
,143.84623592982103,-37.11942915079353
,146.92113362443249,-37.19048814273588
,145.5455732864367,-36.43625583732499
,145.31182895251715,-36.553436603415484
,143.52754322435104,-37.46509424033422
,145.66259316139727,-36.811741997021855
,142.93522514234343,-37.1430927372983
,142.37351495676214,-36.95982661876758
,146.12751530577503,-37.45743730282344
,143.14857446198505,-37.76452735619441
,145.46619719174313,-37.33795474677804
,142.46592385814276,-37.400979816023785
,143.89361047472642,-36.076184430489064
,142.93132280597194,-36.20377362764078
,144.94027649258368,-37.36756623107493
,143.3666113907104,-37.6540127077553
,144.48625701976133,-36.72688650928655
,142.92372847734987,-37.274753749780096
,145.46548469338668,-37.293580873193534
,144.99638623002966,-36.69122704044161
,142.01187980624604,-36.481701246379714
,144.27842317857645,-36.45536018074646
,142.61123596746253,-36.68194729039592
,143.66332092580552,-36.68769897332133
,146.4452623563679,-36.80260497048214
,146.3808222948946,-36.862702992043026
,142.27125336838566,-37.746581004724945
,144.47982236709223,-37.5504429483438
,142.4866961580417,-36.76858516972055
,144.59143910091984,-37.23734512689508
,143.4157086415022,-37.490666590936684
,146.4808595923028,-36.32403748642011
,143.48040907062907,-36.37855317908485
,144.3524118068797,-37.72356656589231
,143.48874261261568,-36.2450285960111
,142.35599739507185,-37.795251805074855
,146.4399744217623,-36.68507312901467
,144.09430730510925,-37.490319755585894